Workbook

Sheet Panduan
B2: S-GATE — DATABASE MASTER
B3: Struktur data ini mengikuti persis skema yang dipakai oleh prototipe web S-GATE (sgate-prototype.html).
B6: Isi tab | C6: Keterangan
B7: EMKL | C7: Daftar akun perusahaan EMKL (dipakai untuk login di Portal EMKL).
B8: DO | C8: Satu baris = satu DO. Kolom biaya kontainer & BBM dihitung otomatis (rumus) dari tab Kontainer, mengikuti tarif di tab Tarif.
B9: Kontainer | C9: Satu baris = satu kontainer di dalam sebuah DO. Ukuran & tipe kontainer inilah yang jadi acuan gate — tidak perlu dipilih ulang saat truk masuk.
B10: Tarif | C10: Tabel referensi tarif per ukuran kontainer. Ubah angka di sini untuk mengubah tarif di seluruh workbook.
B11: Log Notifikasi | C11: Riwayat notifikasi (reminder, mismatch, konfirmasi bayar) — sama seperti panel 'Log notifikasi' di dashboard admin.
B13: Cara menyambungkan ke web
B14: 1. | C14: Buka prototipe web S-GATE → tab 'Dashboard admin gate'.
B15: 2. | C15: Klik tombol 'Export ke Excel' di panel dashboard. File .xlsx akan terunduh dengan struktur tab yang SAMA PERSIS dengan workbook ini (EMKL, DO, Kontainer, Log Notifikasi).
B16: 3. | C16: Salin baris-baris dari file hasil export tsb ke tab yang sesuai di workbook master ini (atau sebaliknya, gunakan workbook ini sebagai acuan saat isi data awal di web).
B18: Catatan | C18: Prototipe ini berjalan 100% di browser (tanpa server), jadi tidak ada sinkronisasi otomatis dua arah secara real-time. Export/import manual ini adalah cara paling aman untuk menjaga satu sumber data yang konsisten sampai ada backend sungguhan.
B19: Warna sel biru | C19: Sel yang boleh/perlu diisi manual.
B20: Warna sel kuning | C20: Sel yang wajib diisi sebelum baris dipakai (contoh baris) — hapus warnanya begitu sudah diisi data asli.
B21: Warna sel hitam | C21: Rumus — jangan ditimpa manual.

Sheet Tarif
A1: Ukuran | B1: Biaya Kontainer (Rp) | C1: Biaya BBM (Rp)
A2: 20' | B2: 350000 | C2: 150000
A3: 40' | B3: 500000 | C3: 200000

Sheet EMKL
A1: ID EMKL | B1: Nama Perusahaan | C1: Email | D1: No. HP/WhatsApp
A2: 1 | B2: Universitas Dippnegoro | C2: admin@dippnegoro-cargo.co.id | D2: 081234500001

Sheet DO
A1: ID DO | B1: Nomor DO | C1: EMKL | D1: ETA | E1: Status Pembayaran | F1: Biaya Kontainer (Rp) | G1: Biaya BBM (Rp) | H1: Total Tagihan (Rp)
A2: 1 | B2: DO-2607-0142 | C2: Universitas Dippnegoro | D2: Hari ini, 14:00 | E2: Belum lunas | F2: =SUMIFS(Kontainer!I:I,Kontainer!B:B,B2) -> 500000 | G2: =SUMIFS(Kontainer!J:J,Kontainer!B:B,B2) -> 200000 | H2: =F2+G2 -> 700000
F3: =SUMIFS(Kontainer!I:I,Kontainer!B:B,B3) -> 0 | G3: =SUMIFS(Kontainer!J:J,Kontainer!B:B,B3) -> 0 | H3: =F3+G3 -> 0
F4: =SUMIFS(Kontainer!I:I,Kontainer!B:B,B4) -> 0 | G4: =SUMIFS(Kontainer!J:J,Kontainer!B:B,B4) -> 0 | H4: =F4+G4 -> 0
F5: =SUMIFS(Kontainer!I:I,Kontainer!B:B,B5) -> 0 | G5: =SUMIFS(Kontainer!J:J,Kontainer!B:B,B5) -> 0 | H5: =F5+G5 -> 0
F6: =SUMIFS(Kontainer!I:I,Kontainer!B:B,B6) -> 0 | G6: =SUMIFS(Kontainer!J:J,Kontainer!B:B,B6) -> 0 | H6: =F6+G6 -> 0
F7: =SUMIFS(Kontainer!I:I,Kontainer!B:B,B7) -> 0 | G7: =SUMIFS(Kontainer!J:J,Kontainer!B:B,B7) -> 0 | H7: =F7+G7 -> 0
F8: =SUMIFS(Kontainer!I:I,Kontainer!B:B,B8) -> 0 | G8: =SUMIFS(Kontainer!J:J,Kontainer!B:B,B8) -> 0 | H8: =F8+G8 -> 0
F9: =SUMIFS(Kontainer!I:I,Kontainer!B:B,B9) -> 0 | G9: =SUMIFS(Kontainer!J:J,Kontainer!B:B,B9) -> 0 | H9: =F9+G9 -> 0
F10: =SUMIFS(Kontainer!I:I,Kontainer!B:B,B10) -> 0 | G10: =SUMIFS(Kontainer!J:J,Kontainer!B:B,B10) -> 0 | H10: =F10+G10 -> 0
F11: =SUMIFS(Kontainer!I:I,Kontainer!B:B,B11) -> 0 | G11: =SUMIFS(Kontainer!J:J,Kontainer!B:B,B11) -> 0 | H11: =F11+G11 -> 0
F12: =SUMIFS(Kontainer!I:I,Kontainer!B:B,B12) -> 0 | G12: =SUMIFS(Kontainer!J:J,Kontainer!B:B,B12) -> 0 | H12: =F12+G12 -> 0
F13: =SUMIFS(Kontainer!I:I,Kontainer!B:B,B13) -> 0 | G13: =SUMIFS(Kontainer!J:J,Kontainer!B:B,B13) -> 0 | H13: =F13+G13 -> 0
F14: =SUMIFS(Kontainer!I:I,Kontainer!B:B,B14) -> 0 | G14: =SUMIFS(Kontainer!J:J,Kontainer!B:B,B14) -> 0 | H14: =F14+G14 -> 0
... F30: =SUMIFS(Kontainer!I:I,Kontainer!B:B,B30) -> 0 | G30: =SUMIFS(Kontainer!J:J,Kontainer!B:B,B30) -> 0 | H30: =F30+G30 -> 0

Sheet Kontainer
A1: ID Kontainer | B1: Nomor DO | C1: No. Kontainer | D1: Ukuran | E1: Tipe | F1: Status Gate | G1: Waktu Masuk | H1: Kode Gate | I1: Biaya Kontainer (Rp) | J1: Biaya BBM (Rp)
A2: 1 | B2: DO-2607-0142 | C2: MSKU 220118 9 | D2: 40' | E2: Dry | F2: Menunggu | H2: GP-0001 | I2: =INDEX(Tarif!$B$2:$B$3,MATCH(D2,Tarif!$A$2:$A$3,0)) -> 500000 | J2: =INDEX(Tarif!$C$2:$C$3,MATCH(D2,Tarif!$A$2:$A$3,0)) -> 200000
I3: =IFERROR(INDEX(Tarif!$B$2:$B$3,MATCH(D3,Tarif!$A$2:$A$3,0)),"") | J3: =IFERROR(INDEX(Tarif!$C$2:$C$3,MATCH(D3,Tarif!$A$2:$A$3,0)),"")
I4: =IFERROR(INDEX(Tarif!$B$2:$B$3,MATCH(D4,Tarif!$A$2:$A$3,0)),"") | J4: =IFERROR(INDEX(Tarif!$C$2:$C$3,MATCH(D4,Tarif!$A$2:$A$3,0)),"")
I5: =IFERROR(INDEX(Tarif!$B$2:$B$3,MATCH(D5,Tarif!$A$2:$A$3,0)),"") | J5: =IFERROR(INDEX(Tarif!$C$2:$C$3,MATCH(D5,Tarif!$A$2:$A$3,0)),"")
I6: =IFERROR(INDEX(Tarif!$B$2:$B$3,MATCH(D6,Tarif!$A$2:$A$3,0)),"") | J6: =IFERROR(INDEX(Tarif!$C$2:$C$3,MATCH(D6,Tarif!$A$2:$A$3,0)),"")
I7: =IFERROR(INDEX(Tarif!$B$2:$B$3,MATCH(D7,Tarif!$A$2:$A$3,0)),"") | J7: =IFERROR(INDEX(Tarif!$C$2:$C$3,MATCH(D7,Tarif!$A$2:$A$3,0)),"")
I8: =IFERROR(INDEX(Tarif!$B$2:$B$3,MATCH(D8,Tarif!$A$2:$A$3,0)),"") | J8: =IFERROR(INDEX(Tarif!$C$2:$C$3,MATCH(D8,Tarif!$A$2:$A$3,0)),"")
I9: =IFERROR(INDEX(Tarif!$B$2:$B$3,MATCH(D9,Tarif!$A$2:$A$3,0)),"") | J9: =IFERROR(INDEX(Tarif!$C$2:$C$3,MATCH(D9,Tarif!$A$2:$A$3,0)),"")
I10: =IFERROR(INDEX(Tarif!$B$2:$B$3,MATCH(D10,Tarif!$A$2:$A$3,0)),"") | J10: =IFERROR(INDEX(Tarif!$C$2:$C$3,MATCH(D10,Tarif!$A$2:$A$3,0)),"")
I11: =IFERROR(INDEX(Tarif!$B$2:$B$3,MATCH(D11,Tarif!$A$2:$A$3,0)),"") | J11: =IFERROR(INDEX(Tarif!$C$2:$C$3,MATCH(D11,Tarif!$A$2:$A$3,0)),"")
I12: =IFERROR(INDEX(Tarif!$B$2:$B$3,MATCH(D12,Tarif!$A$2:$A$3,0)),"") | J12: =IFERROR(INDEX(Tarif!$C$2:$C$3,MATCH(D12,Tarif!$A$2:$A$3,0)),"")
I13: =IFERROR(INDEX(Tarif!$B$2:$B$3,MATCH(D13,Tarif!$A$2:$A$3,0)),"") | J13: =IFERROR(INDEX(Tarif!$C$2:$C$3,MATCH(D13,Tarif!$A$2:$A$3,0)),"")
I14: =IFERROR(INDEX(Tarif!$B$2:$B$3,MATCH(D14,Tarif!$A$2:$A$3,0)),"") | J14: =IFERROR(INDEX(Tarif!$C$2:$C$3,MATCH(D14,Tarif!$A$2:$A$3,0)),"")
... I30: =IFERROR(INDEX(Tarif!$B$2:$B$3,MATCH(D30,Tarif!$A$2:$A$3,0)),"") | J30: =IFERROR(INDEX(Tarif!$C$2:$C$3,MATCH(D30,Tarif!$A$2:$A$3,0)),"")

Sheet Log Notifikasi
A1: Waktu | B1: Jenis | C1: Judul | D1: Deskripsi | E1: Nomor DO Terkait
A2: 09:28 | B2: Mismatch | C2: Mismatch terdeteksi | D2: Fisik "TCLU 771205 4" tidak cocok dengan DO DO-2607-142 (MSKU 220118 9) | E2: DO-2607-0142
